repo_name	repo_path	origin	branch_pattern	link_id	resource
admyral	/home/jeremy/git/admyral	https://github.com/Admyral-Technologies/admyral.git	main	admyral-technologies-admyral	developerconnect.googleapis.com/projects/dbus-enterprise-2026/locations/us-central1/connections/GithubDevConnectCentral/gitRepositoryLinks/admyral-technologies-admyral
automated-security-helper	/home/jeremy/git/automated-security-helper	https://github.com/awslabs/automated-security-helper.git	main	awslabs-automated-security-helper	developerconnect.googleapis.com/projects/dbus-enterprise-2026/locations/us-central1/connections/GithubDevConnectCentral/gitRepositoryLinks/awslabs-automated-security-helper
cloud-custodian	/home/jeremy/git/cloud-custodian	https://github.com/cloud-custodian/cloud-custodian	main	cloud-custodian-cloud-custodian	developerconnect.googleapis.com/projects/dbus-enterprise-2026/locations/us-central1/connections/GithubDevConnectCentral/gitRepositoryLinks/cloud-custodian-cloud-custodian
content	/home/jeremy/git/content	https://github.com/ComplianceAsCode/content	master	complianceascode-content	developerconnect.googleapis.com/projects/dbus-enterprise-2026/locations/us-central1/connections/GithubDevConnectCentral/gitRepositoryLinks/complianceascode-content
core	/home/jeremy/git/core	https://github.com/theopenlane/core.git	main	theopenlane-core	developerconnect.googleapis.com/projects/dbus-enterprise-2026/locations/us-central1/connections/GithubDevConnectCentral/gitRepositoryLinks/theopenlane-core
cports	/home/jeremy/git/cports	https://github.com/chimera-linux/cports	master	chimera-linux-cports	developerconnect.googleapis.com/projects/dbus-enterprise-2026/locations/us-central1/connections/GithubDevConnectCentral/gitRepositoryLinks/chimera-linux-cports
datahub	/home/jeremy/git/datahub	https://github.com/datahub-project/datahub	master	datahub-project-datahub	developerconnect.googleapis.com/projects/dbus-enterprise-2026/locations/us-central1/connections/GithubDevConnectCentral/gitRepositoryLinks/datahub-project-datahub
fides	/home/jeremy/git/fides	https://github.com/ethyca/fides.git	main	ethyca-fides	developerconnect.googleapis.com/projects/dbus-enterprise-2026/locations/us-central1/connections/GithubDevConnectCentral/gitRepositoryLinks/ethyca-fides
fideslang	/home/jeremy/git/fideslang	https://github.com/ethyca/fideslang.git	main	ethyca-fideslang	developerconnect.googleapis.com/projects/dbus-enterprise-2026/locations/us-central1/connections/GithubDevConnectCentral/gitRepositoryLinks/ethyca-fideslang
firecracker	/home/jeremy/git/firecracker	https://github.com/firecracker-microvm/firecracker	main	firecracker-microvm-firecracker	developerconnect.googleapis.com/projects/dbus-enterprise-2026/locations/us-central1/connections/GithubDevConnectCentral/gitRepositoryLinks/firecracker-microvm-firecracker
freeipa	/home/jeremy/git/freeipa	https://github.com/freeipa/freeipa	master	freeipa-freeipa	developerconnect.googleapis.com/projects/dbus-enterprise-2026/locations/us-central1/connections/GithubDevConnectCentral/gitRepositoryLinks/freeipa-freeipa
iam	/home/jeremy/git/iam	https://github.com/theopenlane/iam.git	main	theopenlane-iam	developerconnect.googleapis.com/projects/dbus-enterprise-2026/locations/us-central1/connections/GithubDevConnectCentral/gitRepositoryLinks/theopenlane-iam
CheatSheetSeries	/home/jeremy/git/indexed-repos/CheatSheetSeries	https://github.com/OWASP/CheatSheetSeries	master	owasp-cheatsheetseries	developerconnect.googleapis.com/projects/dbus-enterprise-2026/locations/us-central1/connections/GithubDevConnectCentral/gitRepositoryLinks/owasp-cheatsheetseries
checkov	/home/jeremy/git/indexed-repos/checkov	https://github.com/bridgecrewio/checkov	main	bridgecrewio-checkov	developerconnect.googleapis.com/projects/dbus-enterprise-2026/locations/us-central1/connections/GithubDevConnectCentral/gitRepositoryLinks/bridgecrewio-checkov
crossbeam	/home/jeremy/git/indexed-repos/crossbeam	https://github.com/crossbeam-rs/crossbeam	master	crossbeam-rs-crossbeam	developerconnect.googleapis.com/projects/dbus-enterprise-2026/locations/us-central1/connections/GithubDevConnectCentral/gitRepositoryLinks/crossbeam-rs-crossbeam
cti	/home/jeremy/git/indexed-repos/cti	https://github.com/mitre/cti	master	mitre-cti	developerconnect.googleapis.com/projects/dbus-enterprise-2026/locations/us-central1/connections/GithubDevConnectCentral/gitRepositoryLinks/mitre-cti
dbus	/home/jeremy/git/indexed-repos/dbus	https://github.com/d-bus/dbus	github-placeholder	d-bus-dbus	developerconnect.googleapis.com/projects/dbus-enterprise-2026/locations/us-central1/connections/GithubDevConnectCentral/gitRepositoryLinks/d-bus-dbus
dbus-broker	/home/jeremy/git/indexed-repos/dbus-broker	https://github.com/bus1/dbus-broker	main	bus1-dbus-broker	developerconnect.googleapis.com/projects/dbus-enterprise-2026/locations/us-central1/connections/GithubDevConnectCentral/gitRepositoryLinks/bus1-dbus-broker
dex	/home/jeremy/git/indexed-repos/dex	https://github.com/dexidp/dex	master	dexidp-dex	developerconnect.googleapis.com/projects/dbus-enterprise-2026/locations/us-central1/connections/GithubDevConnectCentral/gitRepositoryLinks/dexidp-dex
dinit	/home/jeremy/git/indexed-repos/dinit	https://github.com/davmac314/dinit	master	davmac314-dinit	developerconnect.googleapis.com/projects/dbus-enterprise-2026/locations/us-central1/connections/GithubDevConnectCentral/gitRepositoryLinks/davmac314-dinit
dinit-chimera	/home/jeremy/git/indexed-repos/dinit-chimera	https://github.com/chimera-linux/dinit-chimera	master	chimera-linux-dinit-chimera	developerconnect.googleapis.com/projects/dbus-enterprise-2026/locations/us-central1/connections/GithubDevConnectCentral/gitRepositoryLinks/chimera-linux-dinit-chimera
falco	/home/jeremy/git/indexed-repos/falco	https://github.com/falcosecurity/falco	master	falcosecurity-falco	developerconnect.googleapis.com/projects/dbus-enterprise-2026/locations/us-central1/connections/GithubDevConnectCentral/gitRepositoryLinks/falcosecurity-falco
flatpak	/home/jeremy/git/indexed-repos/flatpak	https://github.com/flatpak/flatpak	main	flatpak-flatpak	developerconnect.googleapis.com/projects/dbus-enterprise-2026/locations/us-central1/connections/GithubDevConnectCentral/gitRepositoryLinks/flatpak-flatpak
gatekeeper	/home/jeremy/git/indexed-repos/gatekeeper	https://github.com/open-policy-agent/gatekeeper	master	open-policy-agent-gatekeeper	developerconnect.googleapis.com/projects/dbus-enterprise-2026/locations/us-central1/connections/GithubDevConnectCentral/gitRepositoryLinks/open-policy-agent-gatekeeper
grpc	/home/jeremy/git/indexed-repos/grpc	https://github.com/grpc/grpc	master	grpc-grpc	developerconnect.googleapis.com/projects/dbus-enterprise-2026/locations/us-central1/connections/GithubDevConnectCentral/gitRepositoryLinks/grpc-grpc
guide	/home/jeremy/git/indexed-repos/guide	https://github.com/uber-go/guide	master	uber-go-guide	developerconnect.googleapis.com/projects/dbus-enterprise-2026/locations/us-central1/connections/GithubDevConnectCentral/gitRepositoryLinks/uber-go-guide
hyper	/home/jeremy/git/indexed-repos/hyper	https://github.com/hyperium/hyper	master	hyperium-hyper	developerconnect.googleapis.com/projects/dbus-enterprise-2026/locations/us-central1/connections/GithubDevConnectCentral/gitRepositoryLinks/hyperium-hyper
incus	/home/jeremy/git/indexed-repos/incus	https://github.com/lxc/incus	main	lxc-incus	developerconnect.googleapis.com/projects/dbus-enterprise-2026/locations/us-central1/connections/GithubDevConnectCentral/gitRepositoryLinks/lxc-incus
javascript	/home/jeremy/git/indexed-repos/javascript	https://github.com/airbnb/javascript	master	airbnb-javascript	developerconnect.googleapis.com/projects/dbus-enterprise-2026/locations/us-central1/connections/GithubDevConnectCentral/gitRepositoryLinks/airbnb-javascript
json-typedef-spec	/home/jeremy/git/indexed-repos/json-typedef-spec	https://github.com/jsontypedef/json-typedef-spec	master	jsontypedef-json-typedef-spec	developerconnect.googleapis.com/projects/dbus-enterprise-2026/locations/us-central1/connections/GithubDevConnectCentral/gitRepositoryLinks/jsontypedef-json-typedef-spec
keycloak	/home/jeremy/git/indexed-repos/keycloak	https://github.com/keycloak/keycloak	main	keycloak-keycloak	developerconnect.googleapis.com/projects/dbus-enterprise-2026/locations/us-central1/connections/GithubDevConnectCentral/gitRepositoryLinks/keycloak-keycloak
lynis	/home/jeremy/git/indexed-repos/lynis	https://github.com/CISOfy/lynis	master	cisofy-lynis	developerconnect.googleapis.com/projects/dbus-enterprise-2026/locations/us-central1/connections/GithubDevConnectCentral/gitRepositoryLinks/cisofy-lynis
novnc	/home/jeremy/git/indexed-repos/novnc	https://github.com/vishvananda/novnc.git	master	vishvananda-novnc	developerconnect.googleapis.com/projects/dbus-enterprise-2026/locations/us-central1/connections/GithubDevConnectCentral/gitRepositoryLinks/vishvananda-novnc
oauth2-proxy	/home/jeremy/git/indexed-repos/oauth2-proxy	https://github.com/oauth2-proxy/oauth2-proxy	master	oauth2-proxy-oauth2-proxy	developerconnect.googleapis.com/projects/dbus-enterprise-2026/locations/us-central1/connections/GithubDevConnectCentral/gitRepositoryLinks/oauth2-proxy-oauth2-proxy
opa	/home/jeremy/git/indexed-repos/opa	https://github.com/open-policy-agent/opa	main	open-policy-agent-opa	developerconnect.googleapis.com/projects/dbus-enterprise-2026/locations/us-central1/connections/GithubDevConnectCentral/gitRepositoryLinks/open-policy-agent-opa
openclaw	/home/jeremy/git/indexed-repos/openclaw	https://github.com/openclaw/openclaw.git	main	openclaw-openclaw	developerconnect.googleapis.com/projects/dbus-enterprise-2026/locations/us-central1/connections/GithubDevConnectCentral/gitRepositoryLinks/openclaw-openclaw
osv.dev	/home/jeremy/git/indexed-repos/osv.dev	https://github.com/google/osv.dev	master	google-osv-dev	developerconnect.googleapis.com/projects/dbus-enterprise-2026/locations/us-central1/connections/GithubDevConnectCentral/gitRepositoryLinks/google-osv-dev
ovs	/home/jeremy/git/indexed-repos/ovs	https://github.com/openvswitch/ovs	main	openvswitch-ovs	developerconnect.googleapis.com/projects/dbus-enterprise-2026/locations/us-central1/connections/GithubDevConnectCentral/gitRepositoryLinks/openvswitch-ovs
podman	/home/jeremy/git/indexed-repos/podman	https://github.com/containers/podman	main	containers-podman	developerconnect.googleapis.com/projects/dbus-enterprise-2026/locations/us-central1/connections/GithubDevConnectCentral/gitRepositoryLinks/containers-podman
presidio	/home/jeremy/git/indexed-repos/presidio	https://github.com/microsoft/presidio	main	microsoft-presidio	developerconnect.googleapis.com/projects/dbus-enterprise-2026/locations/us-central1/connections/GithubDevConnectCentral/gitRepositoryLinks/microsoft-presidio
price-transparency-guide	/home/jeremy/git/indexed-repos/price-transparency-guide	https://github.com/CMSgov/price-transparency-guide.git	master	cmsgov-price-transparency-guide	developerconnect.googleapis.com/projects/dbus-enterprise-2026/locations/us-central1/connections/GithubDevConnectCentral/gitRepositoryLinks/cmsgov-price-transparency-guide
prost	/home/jeremy/git/indexed-repos/prost	https://github.com/tokio-rs/prost	master	tokio-rs-prost	developerconnect.googleapis.com/projects/dbus-enterprise-2026/locations/us-central1/connections/GithubDevConnectCentral/gitRepositoryLinks/tokio-rs-prost
rtnetlink	/home/jeremy/git/indexed-repos/rtnetlink	https://github.com/rust-netlink/rtnetlink	main	rust-netlink-rtnetlink	developerconnect.googleapis.com/projects/dbus-enterprise-2026/locations/us-central1/connections/GithubDevConnectCentral/gitRepositoryLinks/rust-netlink-rtnetlink
rust	/home/jeremy/git/indexed-repos/rust	https://github.com/rust-lang/rust.git	main	rust-lang-rust	developerconnect.googleapis.com/projects/dbus-enterprise-2026/locations/us-central1/connections/GithubDevConnectCentral/gitRepositoryLinks/rust-lang-rust
schema-registry	/home/jeremy/git/indexed-repos/schema-registry	https://github.com/confluentinc/schema-registry	master	confluentinc-schema-registry	developerconnect.googleapis.com/projects/dbus-enterprise-2026/locations/us-central1/connections/GithubDevConnectCentral/gitRepositoryLinks/confluentinc-schema-registry
schema-repo	/home/jeremy/git/indexed-repos/schema-repo	https://github.com/schema-repo/schema-repo.git	master	schema-repo-schema-repo	developerconnect.googleapis.com/projects/dbus-enterprise-2026/locations/us-central1/connections/GithubDevConnectCentral/gitRepositoryLinks/schema-repo-schema-repo
schemars	/home/jeremy/git/indexed-repos/schemars	https://github.com/GREsau/schemars	master	gresau-schemars	developerconnect.googleapis.com/projects/dbus-enterprise-2026/locations/us-central1/connections/GithubDevConnectCentral/gitRepositoryLinks/gresau-schemars
serde	/home/jeremy/git/indexed-repos/serde	https://github.com/serde-rs/serde	master	serde-rs-serde	developerconnect.googleapis.com/projects/dbus-enterprise-2026/locations/us-central1/connections/GithubDevConnectCentral/gitRepositoryLinks/serde-rs-serde
serde_json_path	/home/jeremy/git/indexed-repos/serde_json_path	https://github.com/hiltontj/serde_json_path	main	hiltontj-serde-json-path	developerconnect.googleapis.com/projects/dbus-enterprise-2026/locations/us-central1/connections/GithubDevConnectCentral/gitRepositoryLinks/hiltontj-serde-json-path
servers	/home/jeremy/git/indexed-repos/servers	https://github.com/modelcontextprotocol/servers	main	modelcontextprotocol-servers	developerconnect.googleapis.com/projects/dbus-enterprise-2026/locations/us-central1/connections/GithubDevConnectCentral/gitRepositoryLinks/modelcontextprotocol-servers
sgCheckup	/home/jeremy/git/indexed-repos/sgCheckup	https://github.com/goldfiglabs/sgCheckup.git	main	goldfiglabs-sgcheckup	developerconnect.googleapis.com/projects/dbus-enterprise-2026/locations/us-central1/connections/GithubDevConnectCentral/gitRepositoryLinks/goldfiglabs-sgcheckup
specification	/home/jeremy/git/indexed-repos/specification	https://github.com/modelcontextprotocol/specification	main	modelcontextprotocol-specification	developerconnect.googleapis.com/projects/dbus-enterprise-2026/locations/us-central1/connections/GithubDevConnectCentral/gitRepositoryLinks/modelcontextprotocol-specification
spire	/home/jeremy/git/indexed-repos/spire	https://github.com/spiffe/spire	main	spiffe-spire	developerconnect.googleapis.com/projects/dbus-enterprise-2026/locations/us-central1/connections/GithubDevConnectCentral/gitRepositoryLinks/spiffe-spire
sqlx	/home/jeremy/git/indexed-repos/sqlx	https://github.com/launchbadge/sqlx	main	launchbadge-sqlx	developerconnect.googleapis.com/projects/dbus-enterprise-2026/locations/us-central1/connections/GithubDevConnectCentral/gitRepositoryLinks/launchbadge-sqlx
styleguide	/home/jeremy/git/indexed-repos/styleguide	https://github.com/google/styleguide	gh-pages	google-styleguide	developerconnect.googleapis.com/projects/dbus-enterprise-2026/locations/us-central1/connections/GithubDevConnectCentral/gitRepositoryLinks/google-styleguide
temporal	/home/jeremy/git/indexed-repos/temporal	https://github.com/temporalio/temporal	main	temporalio-temporal	developerconnect.googleapis.com/projects/dbus-enterprise-2026/locations/us-central1/connections/GithubDevConnectCentral/gitRepositoryLinks/temporalio-temporal
titan	/home/jeremy/git/indexed-repos/titan	https://github.com/Titan-Systems/titan.git	main	titan-systems-titan	developerconnect.googleapis.com/projects/dbus-enterprise-2026/locations/us-central1/connections/GithubDevConnectCentral/gitRepositoryLinks/titan-systems-titan
tokio	/home/jeremy/git/indexed-repos/tokio	https://github.com/tokio-rs/tokio	master	tokio-rs-tokio	developerconnect.googleapis.com/projects/dbus-enterprise-2026/locations/us-central1/connections/GithubDevConnectCentral/gitRepositoryLinks/tokio-rs-tokio
tonic	/home/jeremy/git/indexed-repos/tonic	https://github.com/hyperium/tonic	master	hyperium-tonic	developerconnect.googleapis.com/projects/dbus-enterprise-2026/locations/us-central1/connections/GithubDevConnectCentral/gitRepositoryLinks/hyperium-tonic
tower	/home/jeremy/git/indexed-repos/tower	https://github.com/tower-rs/tower	master	tower-rs-tower	developerconnect.googleapis.com/projects/dbus-enterprise-2026/locations/us-central1/connections/GithubDevConnectCentral/gitRepositoryLinks/tower-rs-tower
trivy	/home/jeremy/git/indexed-repos/trivy	https://github.com/aquasecurity/trivy	main	aquasecurity-trivy	developerconnect.googleapis.com/projects/dbus-enterprise-2026/locations/us-central1/connections/GithubDevConnectCentral/gitRepositoryLinks/aquasecurity-trivy
turbo-whisper	/home/jeremy/git/indexed-repos/turbo-whisper	https://github.com/knowall-ai/turbo-whisper.git	main	knowall-ai-turbo-whisper	developerconnect.googleapis.com/projects/dbus-enterprise-2026/locations/us-central1/connections/GithubDevConnectCentral/gitRepositoryLinks/knowall-ai-turbo-whisper
turnstile	/home/jeremy/git/indexed-repos/turnstile	https://github.com/chimera-linux/turnstile	master	chimera-linux-turnstile	developerconnect.googleapis.com/projects/dbus-enterprise-2026/locations/us-central1/connections/GithubDevConnectCentral/gitRepositoryLinks/chimera-linux-turnstile
typify	/home/jeremy/git/indexed-repos/typify	https://github.com/oxidecomputer/typify	main	oxidecomputer-typify	developerconnect.googleapis.com/projects/dbus-enterprise-2026/locations/us-central1/connections/GithubDevConnectCentral/gitRepositoryLinks/oxidecomputer-typify
udisks	/home/jeremy/git/indexed-repos/udisks	https://github.com/storaged-project/udisks	master	storaged-project-udisks	developerconnect.googleapis.com/projects/dbus-enterprise-2026/locations/us-central1/connections/GithubDevConnectCentral/gitRepositoryLinks/storaged-project-udisks
vault	/home/jeremy/git/indexed-repos/vault	https://github.com/hashicorp/vault	main	hashicorp-vault	developerconnect.googleapis.com/projects/dbus-enterprise-2026/locations/us-central1/connections/GithubDevConnectCentral/gitRepositoryLinks/hashicorp-vault
zbus	/home/jeremy/git/indexed-repos/zbus	https://github.com/z-galaxy/zbus	main	z-galaxy-zbus	developerconnect.googleapis.com/projects/dbus-enterprise-2026/locations/us-central1/connections/GithubDevConnectCentral/gitRepositoryLinks/z-galaxy-zbus
zeroclaw	/home/jeremy/git/zeroclaw	https://github.com/zeroclaw-labs/zeroclaw.git	main	zeroclaw-labs-zeroclaw	developerconnect.googleapis.com/projects/dbus-enterprise-2026/locations/us-central1/connections/GithubDevConnectCentral/gitRepositoryLinks/zeroclaw-labs-zeroclaw
